<?xml version="1.0"?>
<ActionDescription Class="Group" DisplayName="Secure Manage" MnemonicDisplayName="OSCC" Vendor="OSCC" Description="Securely manage a client machine as Administrator without needing a highly privileged account. Available actions are Open C$ share, Open Admin$ share, Start PSRemote session, Start RDP session. ">
   <ShowOn>
      <string>DefaultHomeTab</string>

      <string>ContextMenu</string>
   </ShowOn>

   <ImagesDescription>
      <ResourceAssembly>
         <Assembly>AdminUI.UIResources.dll</Assembly>

         <Type>Microsoft.ConfigurationManagement.AdminConsole.UIResources.Properties.Resources.resources</Type>
      </ResourceAssembly>

      <ImageResourceName>SecurityRightsFolder</ImageResourceName>
   </ImagesDescription>

   <ActionGroups>
      <ActionDescription Class="ShowDialog" DisplayName="Get Password history" MnemonicDisplayName="Get Password history" Description="Get securely stored central local Administrator password in clear text" RibbonDisplayType="TextAndSmallImage">
         <ShowOn>
            <string>DefaultHomeTab</string>

<!-- RIBBON -->
            <string>ContextMenu</string>

<!-- Context Menu -->
         </ShowOn>

         <ImagesDescription>
            <ResourceAssembly>
               <Assembly>AdminUI.UIResources.dll</Assembly>

               <Type>Microsoft.ConfigurationManagement.AdminConsole.UIResources.Properties.Resources.resources</Type>
            </ResourceAssembly>

            <ImageResourceName>ConfigureCredentials</ImageResourceName>
         </ImagesDescription>

         <DialogId>OSCCOpenLocalAdminPasswordControl</DialogId>

<!--SecurityConfiguration>
  <ClassPermissions> <ActionSecurityDescription ClassObject="SMS_Collection" RequiredPermissions="1280" />
  </ClassPermissions>
  </SecurityConfiguration-->
      </ActionDescription>

      <ActionDescription NamespaceGuid="b4c04c9e-602a-472a-8185-aa073de7d81c" Class="Separator">
         <ShowOn>
            <string>DefaultHomeTab</string>

            <string>ContextMenu</string>
         </ShowOn>
      </ActionDescription>

      <ActionDescription Class="ShowDialog" DisplayName="Open Admin$ share" MnemonicDisplayName="Open Admin$ share" Description="Open Admin$ share using securely stored central local Administrator password">
         <ShowOn>
            <string>DefaultHomeTab</string>

<!-- RIBBON -->
            <string>ContextMenu</string>

<!-- Context Menu -->
         </ShowOn>

         <ImagesDescription>
            <ResourceAssembly>
               <Assembly>AdminUI.UIResources.dll</Assembly>

               <Type>Microsoft.ConfigurationManagement.AdminConsole.UIResources.Properties.Resources.resources</Type>
            </ResourceAssembly>

            <ImageResourceName>Nap_Folder</ImageResourceName>
         </ImagesDescription>

         <DialogId>OSCCOpenDollarAdminShareControl</DialogId>

<!--SecurityConfiguration>
  <ClassPermissions> <ActionSecurityDescription ClassObject="SMS_Collection" RequiredPermissions="1280" />
  </ClassPermissions>
  </SecurityConfiguration-->
      </ActionDescription>

      <ActionDescription Class="ShowDialog" DisplayName="Open C$ Share" MnemonicDisplayName="Open C$ Share" Description="Open C$ share using securely stored central local Administrator password">
         <ShowOn>
            <string>DefaultHomeTab</string>

<!-- RIBBON -->
            <string>ContextMenu</string>

<!-- Context Menu -->
         </ShowOn>

         <ImagesDescription>
            <ResourceAssembly>
               <Assembly>AdminUI.UIResources.dll</Assembly>

               <Type>Microsoft.ConfigurationManagement.AdminConsole.UIResources.Properties.Resources.resources</Type>
            </ResourceAssembly>

            <ImageResourceName>Folder</ImageResourceName>
         </ImagesDescription>

         <DialogId>OSCCOpenDollarShareControl</DialogId>

<!--SecurityConfiguration>
  <ClassPermissions> <ActionSecurityDescription ClassObject="SMS_Collection" RequiredPermissions="1280" />
  </ClassPermissions>
  </SecurityConfiguration-->
      </ActionDescription>

      <ActionDescription Class="ShowDialog" DisplayName="Connect RDP session" MnemonicDisplayName="Connect RDP session" Description="Open RDP Session using securely stored central local Administrator password">
         <ShowOn>
            <string>DefaultHomeTab</string>

<!-- RIBBON -->
            <string>ContextMenu</string>

<!-- Context Menu -->
         </ShowOn>

         <ImagesDescription>
            <ResourceAssembly>
               <Assembly>AdminUI.UIResources.dll</Assembly>

               <Type>Microsoft.ConfigurationManagement.AdminConsole.UIResources.Properties.Resources.resources</Type>
            </ResourceAssembly>

            <ImageResourceName>RemoteDesktopClient</ImageResourceName>
         </ImagesDescription>

         <DialogId>OSCCConnectRDPSessionControl</DialogId>

<!--SecurityConfiguration>
  <ClassPermissions> <ActionSecurityDescription ClassObject="SMS_Collection" RequiredPermissions="1280" />
  </ClassPermissions>
  </SecurityConfiguration-->
      </ActionDescription>

      <ActionDescription Class="ShowDialog" DisplayName="Start PowerShell remoting session" MnemonicDisplayName="Start PowerShell Remoting Session" Description="Start PowerShell Remoting session using securely stored central local Administrator password">
         <ShowOn>
            <string>DefaultHomeTab</string>

<!-- RIBBON -->
            <string>ContextMenu</string>

<!-- Context Menu -->
         </ShowOn>

         <ImagesDescription>
            <ResourceAssembly>
               <Assembly>AdminUI.UIResources.dll</Assembly>

               <Type>Microsoft.ConfigurationManagement.AdminConsole.UIResources.Properties.Resources.resources</Type>
            </ResourceAssembly>

            <ImageResourceName>GPSIcon</ImageResourceName>
         </ImagesDescription>

         <DialogId>OSCCStartPSSessionControl</DialogId>

<!--SecurityConfiguration>
  <ClassPermissions> <ActionSecurityDescription ClassObject="SMS_Collection" RequiredPermissions="1280" />
  </ClassPermissions>
  </SecurityConfiguration-->
      </ActionDescription>
   </ActionGroups>
</ActionDescription>

